<?xml version="1.0" encoding="utf-8"?><AttributeDefinition xmlns:xsi="http://www.w3.org/2001/XMLSchema-instance" xmlns:xsd="http://www.w3.org/2001/XMLSchema" xsi:noNamespaceSchemaLocation="DaVinciEx_GenericAttributes_1_0.xsd" dvSchemaVersion="1.0"><AttributeDefinitionTable Version="1.0" ID="{932D3FD0-2F6C-49BF-80CB-D1C3756D3868}"><Attribute Name="IMPORT_MODE_PRESET_COMPONENT" ObjectType="ComponentPrototype"><ENUM Default="Keep"><EnumValue Value="Keep" /><EnumValue Value="Overwrite" /></ENUM></Attribute><Attribute Name="IMPORT_MODE_PRESET_PORT" ObjectType="PortPrototype"><ENUM Default="Keep"><EnumValue Value="Keep" /><EnumValue Value="Overwrite" /></ENUM></Attribute></AttributeDefinitionTable></AttributeDefinition>